"","yeo_label","p_value","t_value","intercept","slope"
"1","Default Mode",1.60636468329971e-05,-4.68278408285753,0.0405435509272787,-8.25795536526852e-05
"2","Visual",0.326722420696512,0.988579872479413,0.0425848980205905,2.31437568567869e-05
"3","SomatoMotor",0.0483457992375806,-2.01423796652934,0.0413230883919507,-4.54783717903055e-05
"4","Frontoparietal",5.78301975267581e-08,-6.16930263143582,0.043809488549951,-0.000124248872917706
"5","Limbic",0.00830256885153015,-2.72787342241746,0.0421250369192723,-6.80323587121312e-05
"6","Dorsal Attention",0.431195939360117,0.792337426756596,0.0403772934616244,1.35265710313068e-05
"7","Ventral Attention",3.00227134502683e-05,-4.50628219550663,0.0401831656498125,-0.000108756906353144
"8","Whole Brain",0.00201477947429994,-3.22572496705301,0.0415058850939049,-6.12361758639222e-05
